<?xml version="1.0" encoding="UTF-8"?>
<!DOCTYPE mapper
  PUBLIC "-//mybatis.org//DTD Mapper 3.0//EN"
  "http://mybatis.org/dtd/mybatis-3-mapper.dtd">

<mapper namespace="practice.dao.FileDao">
	<resultMap type="upload" id="uploadMap">
		<id column="fmno" property="uploadNo" />
		<result column="bdno" property="boardNo" />
		<result column="bno" property="branchNo" />
		<result column="ori_file_name" property="fileName" />
		<result column="save_file_name" property="newFileName" />
		<result column="fm_date_time" property="uploadDate" />
		<result column="fm_udate_time" property="updateDate" />
		<result column="save_user_name" property="uploader" />
		<result column="del_chk" property="delCheck" />
	</resultMap>
    
	<insert id="insert" parameterType="upload" useGeneratedKeys="true" keyColumn="fmno" keyProperty="uploadNo">
		INSERT INTO branch_file(fmno,bno,ori_file_name,save_file_name,fm_date_time,fm_udate_time,save_user_name,del_chk)
		  VALUES(#{uploadNo},#{branchNo},#{fileName},#{newFileName},now(),now(),'조민국',DEFAULT) 
	</insert>
	
	<update id="update" parameterType="upload">
		UPDATE branch_file SET 
			bno=#{branchNo},
			ori_file_name=#{fileName},
			save_file_name=#{newFileName},
			fm_date_time=now(),
			fm_udate_time=now(),
			save_user_name='조민국',
			del_chk=DEFAULT
		where fmno=#{uploadNo}
	</update>

</mapper>